instructor_id,instructor_name,institution,experience_years,email
bdd640fb-0667-4ad1-9c80-317fa3b1799d,Daniel Doyle,,4,garzaanthony@example.org
9a1de644-815e-46d1-bb8f-aa1837f8a88b,Cristian Santos,MIT,24,lrobinson@example.com
c241330b-01a9-471f-9e8a-774bcf36d58b,Melissa Peterson,Harvard,8,jasongallagher@example.org
5be6128e-18c2-4797-a142-ea7d17be3111,Lindsey Roman,Stanford,5,yherrera@example.org
a0ee89ae-d453-4d32-8b0d-bb418d5288f1,Shannon Ray,,4,williamsjeremy@example.com
3b982ef8-daf6-4a26-946d-3f31fc377a4c,Jamie Chavez,,24,francisco53@example.net
aefcfad8-efc8-4849-b3aa-7efe4458a885,Lisa Jackson,Google,3,frankgray@example.net
af42e12f-3838-4326-8e94-4239b02b61c4,Randy Brown,Google,14,trujillorichard@example.org
9132b63e-f162-47e4-a9c3-49e03602f8ac,Emily Rios,MIT,1,pwilkerson@example.com
3f22faf8-23be-401d-83cf-2fde24933b83,Kimberly Burgess,MIT,7,zhurst@example.com
2369b584-ff5e-4ff0-bf50-bde4382567b8,Ann Williams,Stanford,17,hernandezernest@example.net
62801c45-1043-4a10-98ae-43346c12ace8,Zachary Rice,Google,1,frazierdanny@example.net
a4161293-c4c2-42e3-844e-a7c8c0398710,Edward Moore,Google,7,mckaynancy@example.com
2dbc2134-c30f-446e-8026-695ff8cda88b,Ashley Garrett,,21,ericfarmer@example.net
87c5421e-ec24-43c5-8754-108ff4188f3f,Linda Burns,,18,hickmannatasha@example.com
e0c53cb8-3da9-42a9-8ed4-2f1a3d4cbf37,Angela Dennis,Independent,8,spenceamanda@example.org
f264accc-79ac-4b1e-a8e5-6e0c20de435d,Deborah Brennan,Independent,19,ibrandt@example.net
4fcca39a-b683-42e6-b37e-a2dfb09b2a5c,Michael Brooks,Harvard,1,omartinez@example.org
8dcdcd03-969b-4662-8562-8059568cc69b,Daniel Jones,Stanford,23,perezrebecca@example.com
474a493b-3ced-4f2d-839f-bc501223b513,Cindy Anderson,Independent,11,esanchez@example.com
a8b317fa-18d0-452b-9825-bc5430beb45f,Jeff Owens,Harvard,5,nuneztracey@example.org
56dc8907-ba6c-44ab-a712-303a0f844fef,Ashley Lee,Stanford,25,ltaylor@example.com
ec5b227c-dfde-4fbf-bff3-50bf766ecb15,Robert Chase,Harvard,4,williamsyvette@example.org
c0e9ab30-ed26-42e9-97e0-11b7f8102383,Carol Tucker,MIT,13,michellebarrera@example.org
63f2ae24-fc3d-4348-808d-4127610461e3,Richard Gibson,MIT,12,uhorton@example.net
27a0c3d7-7c96-4f79-b7e9-9acaa97065e1,Daniel Brown,Harvard,20,adkinsbrian@example.net
da4bd9ca-eb5c-4467-80ba-cd647a0ecfea,Amy Romero,Harvard,2,caseyjones@example.org
e3e9de99-f10c-418b-9eb0-e38a675dd5af,Lauren Williams,,15,barnesbrandy@example.net
344a54b8-42c1-4a62-af48-e8d550fd9d3f,Emily Baker,Google,4,emilyevans@example.com
12922f83-ef8c-485b-807a-30f2edd4253b,Marc Hart,Independent,3,jonesjason@example.com
e1805081-5958-4499-aeea-163e21e8ac68,David Mitchell,Google,10,tbass@example.com
ce9e1a11-fcbb-4e59-bbdd-cf7c9c96e9ec,Aimee Montoya,,20,sarah12@example.com
be0f051b-1b66-45a9-a3c4-36571d8cbbac,Denise Jacobs,Harvard,19,james48@example.com
d89a40c0-e87d-4c78-a7c4-21c740497b71,Mark Calderon,Stanford,23,smithkellie@example.net
bdc14f1f-295d-4fbf-830f-801dfad409e2,Michael Hoffman,MIT,2,jonesnicole@example.org
5e84f058-d5a8-44eb-8939-23de8babce3b,Brittany Anderson,,8,michael05@example.org
1a50aec3-aabc-45fa-bfe1-2e47ae9bec36,Justin Baxter,Harvard,3,sarayoung@example.org
2d534dd0-cf8e-4c5a-8cc5-6569f9e8a369,Allison Doyle,Stanford,4,kimberly63@example.com
1bac27a7-b386-47a4-8991-603f28c13091,Andrew Ruiz,Independent,9,lisastevens@example.com
3a43b2ba-df0f-46cb-8b9b-c326d20eac17,Matthew Ross,Independent,21,michelle45@example.net
fb2ca025-adf4-462d-a651-529e8268690b,Erin Johnson,Harvard,6,gregory40@example.org
ba81edd9-587e-4344-af3f-920c98b8e4cc,Jessica Joyce,Harvard,12,cruzbarbara@example.com
006ed6e3-6fa1-4735-b572-f3d00b5cea6a,Renee Mcdaniel,Stanford,22,michaeljones@example.net
505cc686-9f87-4ce7-9487-fd4febb7a385,Belinda Mccullough,Harvard,23,elizabeth56@example.net
311c6eb6-2095-4ef6-8ded-f9fb4bb00f20,Todd Byrd,,21,christinaturner@example.net
49732d6c-4dca-4fb7-801a-9a8bd56f0350,Richard Lawson,MIT,20,steven73@example.net
f5b78cc7-e6b3-4944-8b32-3e357922bac2,Carolyn Miller,,6,clarence34@example.org
0640be0f-25b8-4d4b-b2fa-2de8ce7ae7f6,William Carr,Google,24,gibsonolivia@example.net
624c69b6-b244-45a7-b7e5-848131c681ec,David Douglas Jr.,Stanford,6,osbornejeffery@example.net
8eb22579-0cdb-4ca4-b6ec-bdd68498e113,Ryan Bryant,Independent,13,jcontreras@example.net
e4347d51-c158-4092-b335-cba3513a7052,Robert Mcclain,Harvard,21,jrivas@example.com
dc8aee30-be60-43f7-a8be-9288e5af6e39,David Wright,,18,katie87@example.net
13d5f2f7-709b-4d97-864c-04af3d3f3799,Cynthia Rogers,Stanford,22,taylorjesse@example.net
10714d51-36c5-4dac-b4d7-e28e271e3ee2,Gary Owens,Harvard,25,clarkrobert@example.net
db52ca58-0500-4bc6-b20d-cb6ef2311f17,Laura Woods,MIT,8,kenneth66@example.net
ccc42903-8bcf-43a1-bc10-fa52bf5d2fdf,Connie Robinson,MIT,11,ytucker@example.com
67814c1f-cc53-4e36-addc-3e13ab3b4d37,Sara Calhoun,Independent,9,meadowsbrittany@example.net
6db99102-a48b-4dbe-957d-94a106f028ff,Joel Williams,MIT,7,dmurphy@example.com
610e6a64-e130-4617-82df-f33556666f9f,Trevor Fisher,Google,23,ruizkaitlyn@example.org
39669fa7-5997-4043-b3b1-025bfff9f585,Rachael Pearson,Harvard,7,herringjames@example.org
20500494-3d11-4802-a702-878b9f0fda8d,Brian Gould,,16,xlyons@example.com
f6b751f7-9b74-4245-9b1b-c8952af43ab7,Ashley Weiss,Independent,21,daniel04@example.net
60141de9-f54a-40a2-a874-66d7ad66a1bd,Miguel Jones,Independent,5,curtisbarton@example.net
cbd58bf6-1efd-46e9-8e37-14af99b49350,Dr. Hannah Patterson,Harvard,5,casey50@example.com
6efb63b1-1b04-4863-bd7d-dbedd284476c,Madison Poole,Stanford,24,ryangross@example.net
eb6c1016-cee6-44d0-9dac-6e8345241ea6,Karen Graham,Google,18,marcus31@example.com
c01f36bf-3e6d-458b-b367-c28de1b294de,Leonard Gray,Harvard,24,snydermark@example.com
4223623b-cc3e-4dde-9ad5-cf06364d7c87,Spencer Haynes,Google,14,angela83@example.org
7d137018-680b-4c63-b856-d0353dc98290,Cynthia Alvarez,Google,13,bwest@example.org
b118f68d-6786-4506-b8ba-8abc4b5305e5,Matthew Wood,Harvard,8,ronald85@example.com
4e7ed827-455a-4762-b428-a656b3ee4d3b,Bryan Lee,Stanford,17,newtonstephanie@example.net
bd1531c8-3764-4bda-b108-d4482f65fafa,Dr. William Warren,Independent,3,tina34@example.org
039f3a25-4d61-48bd-adef-e1935c62b3a2,Beth Williams,MIT,4,tranheidi@example.org
7daa39f0-c0b6-4ce2-9e53-790aa34b6cf6,Adam Mitchell,Stanford,21,lalexander@example.org
7a4c75d4-dc99-404c-b0e9-8b3b40a26c60,Austin Vasquez,Stanford,22,hernandezlisa@example.com
1e52d770-3f89-4142-be71-6b1415ce6a66,Jennifer Carlson,Independent,20,kimberlyjames@example.com
fd72b050-96a9-454f-9c33-e1f94c1f55ab,Keith Brown,MIT,13,mezajared@example.org
2834e4c0-14c8-43b4-a911-d19243bfd931,Juan Moore,Independent,20,mhayes@example.com
49c13de7-3b42-46c5-885b-15fb4a8ff810,Michele Gibson,Independent,17,sandrafrench@example.net
ef04e57d-cdcc-433a-a943-4aa096fc734d,Brian Walker,Harvard,18,rebekahserrano@example.org
4ebfa5c3-cae9-44a7-aa79-ea680f44704f,Samantha Morse,MIT,22,smartinez@example.com
45b1ed25-f153-4ae8-a70a-cc5cb321bf21,Katherine Miller,,4,prestonjessica@example.net
3a9aca5e-1761-42ed-869f-14f140181c6e,Sara Johnston,,18,keyemily@example.com
c19ad58c-c35b-4c8c-8a4c-9f7f9384ec2b,Joseph Ramos,Harvard,25,howard96@example.net
175ba98d-f814-4102-bde1-bdfed0725b5c,Jason Morris,,11,hodgemark@example.net
f1f8343e-a99f-4318-89c8-a43f7ed70ed7,Philip Johnson,MIT,10,edwardsmarcus@example.com
fcf56188-d32e-4dcd-83bc-9478dd6ac7b8,Sean Murray,Independent,6,lopezmichael@example.com
0d366dfc-c28e-4d70-b129-9889a01ac992,Joshua Pennington,Independent,1,fgilmore@example.org
9bdf0377-a149-43c2-b920-264c0763fcd0,Michelle Collins,,24,tranchristopher@example.org
a5d04d53-1e12-42e3-b272-92b6762172ed,Kathleen Moran,Harvard,17,robert77@example.org
6232b17a-2507-4181-8d1f-b54074eff545,Kyle Francis,Stanford,17,michellehill@example.com
81fb18b3-c9a7-491f-af2a-e71357021049,Aaron Barber,MIT,21,cgrimes@example.net
8d4a75b8-551a-48ea-985a-0afa7bfdcc12,Jamie Cantu,Harvard,21,tinaallen@example.com
69288e92-c68a-452f-9b23-aa8c3bcabf85,Patrick Thornton,Google,20,qhughes@example.net
f6febc0e-7ecd-4baf-a6f0-5fcffb16e5db,Jonathan Lawrence,Stanford,5,sawyerscott@example.net
b8f21423-03ed-41f8-b4f9-3d17e912b4bf,Seth Booker,Harvard,25,harrisontanya@example.com
a65bb1f2-65c1-4795-b155-16bc9f8ded97,Gary Craig,Stanford,18,ofinley@example.net
df547e50-7cea-4045-8268-283ee32f2e63,Lisa Young,Google,1,wendy16@example.org
df615a5c-b432-4070-a23d-4c2fc2a79689,Christopher Evans,Google,11,williamslaura@example.com
25440fe0-6e41-4d47-9ff5-95ea5bc440f1,Jason Maldonado,Independent,1,georgemiller@example.com
7f671eec-3da7-4577-aee1-e86b9ea556aa,Briana Murray,MIT,12,steve07@example.com
12e89d10-2871-4733-8bed-db12ad77e82f,Gregory Matthews,Harvard,8,dvaughn@example.com
da743152-627b-41a1-bfd6-f23232ffe294,Mr. Kenneth Andrews,MIT,8,andrew64@example.org
c73f6e1b-af90-4e3c-9d75-0e9890e0b95f,Amber Obrien,Google,3,swall@example.org
3810ae66-5a31-44cc-8d4b-69a99b689c88,Lisa Byrd,MIT,24,courtneyberger@example.net
70d9c9f8-c9e2-4074-8f16-39a00a17991e,Jacob Anderson,Independent,3,mark62@example.org
e05fb8bc-8a16-406c-8958-e75e21d53971,Kiara Mcintyre,Google,25,jonathansummers@example.com
bf1e8366-4b8e-43d4-8e76-07adf7a67b94,Regina Mcdonald,Stanford,5,taylortammy@example.net
65bcc272-fadd-4ea3-aca5-e2fdb966442a,Regina Diaz,,16,ismith@example.org
bfbf397b-ac3e-4b0d-9e5b-a13d746cdb77,Lauren Carson,Google,6,daniel37@example.org
8fb864e4-f173-4856-a25d-36eb9e9a9f83,Leonard Holland,Harvard,17,tblankenship@example.net
0b9bd934-23c8-4d30-9dde-7969688613db,Elizabeth Vasquez,Google,14,youngamanda@example.com
f30a9e32-aba4-4c03-9efa-9c5b7421ff46,Theresa Barnes,Stanford,18,nicolepena@example.com
f396ea37-f065-4817-a87a-48509d9b6231,Michael Robinson,,23,xsampson@example.org
8b621d41-5e09-49ee-af88-bdecfb1e143b,Maria Brown,Stanford,23,james17@example.org
a3b5cece-a446-4e72-b64c-911aa9ab364a,Alison Buchanan,Harvard,13,vanessabuchanan@example.org
8de08fc2-c3e1-4a85-946e-f10411906f50,Daniel Kane,,21,kim90@example.com
fcce96f6-250a-4578-bbe9-4499dbc080fd,David Thompson,Harvard,15,andersonmichael@example.org
2c9b662e-040a-4aae-92e2-afd996bf10ab,Cameron Fisher,Google,15,reesethomas@example.com
73b6a09b-1bea-46ac-97fa-7f0483639007,Theresa Williams,MIT,8,stephen00@example.com
afa415e5-6d20-4496-a6d0-6371d8e88ebb,Micheal Wallace,Stanford,3,morriseddie@example.org
95da75c1-a211-40f9-9fd3-4579466772ce,Erika Vang,Harvard,1,shawn96@example.org
da509fed-1d4a-4d81-b3a7-d0e0cb08587d,Sherry Arnold,Google,18,russellbeasley@example.com
66132e69-7418-4109-93d1-bf0f56c438e4,Brandon Simmons,Stanford,19,nicholas27@example.org
17dded81-15da-405c-94ef-00aa175a81ec,Patrick Watson,Stanford,1,angelawillis@example.net
1f4a8ca1-ab85-4d59-9463-adc78fca7b6a,Shane Pugh,MIT,23,uparrish@example.org
4ffca6b1-99b4-49d4-89a2-14aef7e8f8e5,Kenneth Lewis,,2,gwalker@example.com
1d691fba-5e18-4b24-8e67-6a01d86a6460,Laura Aguirre,Stanford,3,lynchdiane@example.net
45f50c52-2e2f-4f77-8769-79d644777442,Ellen Morgan,MIT,11,whitedouglas@example.net
bdb025ff-2451-45a4-91d0-59b26699cd99,Amanda Reese,MIT,17,nicholaschavez@example.org
530ac1c7-b8ba-4368-8fc7-77685ebbcca5,Latoya Miller,Stanford,9,moorekaren@example.org
716fda0a-45a8-4829-94e2-86e5ac8936bc,Karla Ramos,,16,jason81@example.com
ad9fb00d-4882-473c-9c63-45ab6e0ed1e8,Katelyn Estrada,Stanford,18,walkertracey@example.org
f200c261-4d29-41ab-b455-12f701f7c7ec,Chad Scott,Stanford,24,david76@example.org
b423ccde-8857-4117-a155-46672112507c,Justin Barnett,Google,19,charles06@example.org
dcb33df3-13ee-4dc6-abd1-4d2c75b27455,Jeffrey Sullivan,Independent,8,zroberts@example.org
cd2372c2-2bff-417b-9324-01fcf758dce2,Julia Norris,Independent,14,christopher13@example.com
1422373f-8622-48d1-a683-e10796c044d0,Eric Morgan,Stanford,4,kimberly18@example.net
31a3ac4d-828c-47e7-87d5-b7be1d30d990,Hannah Luna,MIT,22,joelthomas@example.org
c29d782b-2722-496e-9a36-d1ec2c6a6e9a,Angela Bean,Independent,12,kmarshall@example.net
e1cde87f-ec95-4f87-ae5e-c36572eb7474,Madison Weber,Independent,14,edward17@example.com
46510367-cbdc-4318-8d85-a3d2a1a27485,Heather Jones,Independent,24,dhayes@example.com
a508dc95-13a4-4492-897d-e16dd4ea120a,Savannah Gilbert,MIT,22,jford@example.net
e8b77f7b-7321-4f6b-8a80-76ece5582e16,Marissa Morris,,21,dmason@example.com
d65e59dd-e62d-4d06-8f9b-85581a7f195b,Miguel Wagner,MIT,2,benjaminzimmerman@example.com
28a39779-9c1c-4517-85d2-d0a686295b5d,Thomas Hughes,Independent,24,erika05@example.org
adaa44ca-8ed6-4d5e-9831-8aa354669d19,David York,Harvard,4,mathewaguilar@example.org
f7baf55e-4f6b-48c8-998d-daeceaafe543,Mary Anderson,Stanford,7,collinsnicholas@example.com
b3ecb951-ab8c-4f97-a0b7-1785d02ce0c1,Nancy Jennings,Stanford,18,lucasrodney@example.com
2e25b5ee-4f11-48dc-9cd3-336904aac1b7,Gloria Miranda,Independent,5,jeremytaylor@example.org
19e45c6a-c9c2-4e69-982c-75654bb907ec,Kimberly Rodgers,Independent,6,stanleynancy@example.net
277d1be9-6070-46a1-98e5-2499218c6e1c,Ronald Wise,Harvard,15,jenniferwilliams@example.com
f836f571-3cce-476c-b836-c448ad261ec5,Dustin Goodman,Stanford,3,pyoung@example.com
78116802-c8cc-4cfe-8f01-f944f7315749,Cheyenne Gregory,Independent,18,smurray@example.com
f75d599f-6b2d-4b09-8707-9ad480be7e35,Curtis Jacobs,MIT,2,brett75@example.net
d88c656d-b61e-4fdb-9a43-5206ef2ddcc4,Belinda Miller,,18,joshuawhitehead@example.org
f24823ab-177a-4a5f-affe-33b3d4bf7a4b,Ruth Wilkerson,MIT,3,perryrandy@example.com
14e4180c-fe99-46a3-a2db-c8503c5bf3a7,Alfred Galvan,Stanford,6,lacey20@example.com
b231c60b-78f2-4e6b-946b-415deada79a3,Olivia Harrison,Independent,16,bullockandrew@example.org
f0b2a5d1-8c7e-4f42-a646-eaf9d5c0244d,Kelsey Rodriguez,Independent,7,john10@example.org
9f708368-cb3c-48ca-a392-57316b79afcc,Brian Stein,Independent,2,chenbailey@example.net
0066853d-6de2-49a1-8a90-cd0c24c173b9,Cynthia Butler,Stanford,13,millsmichael@example.net
fd034ada-c952-4185-81e0-3a5e8b48f496,Alicia Marks,MIT,13,reidtina@example.com
c9dc72b8-5b6a-4102-8428-7378bf5023f4,David Sandoval,Harvard,15,ingramjill@example.com
8bc78e81-5a30-4528-8b59-95622227219f,Marvin Greer,Harvard,14,epollard@example.net
10275b53-2285-42ef-8fbe-4fe92ea9c542,Terri Johnson,,24,bradleygonzalez@example.org
83f02dc7-4f61-4217-aef1-669450cae32d,Robert Kennedy,Google,22,mullinsjames@example.com
dda4f4a7-0c3c-4284-87e5-3bbbdcb51c53,Denise Lloyd,,16,vpreston@example.com
56cb1ab0-62fb-46d7-b4db-ca07e506f670,Kathleen Jimenez,Stanford,7,laurie61@example.com
2e326567-d284-454e-bebe-c0db9a3a6103,Erica Miller,Harvard,7,kirk96@example.org
727716ec-59fe-4bbc-b1a3-fad2b0946d2a,Sergio Gomez,MIT,19,yhill@example.org
67fd64c4-a334-458a-abd2-b5121335e5db,Robert Shelton,,18,thomascathy@example.com
3c6a3174-1136-44a5-a050-9c6208e895d7,Holly Reyes,MIT,24,jacobserika@example.com
13aec376-c359-410a-b1a6-014c5f3c44dc,Kendra Sanders,Harvard,2,john10@example.net
63119aca-848a-4440-bfc1-58582fa0d842,Autumn Hampton,MIT,19,nlewis@example.com
7dbf4bc1-ffa6-43d0-aa9e-5c8db1a8b71f,Chad Jones,Independent,17,rachelwallace@example.org
d8741408-f7b2-47c7-ae92-ea71cf7dcb43,Miss Michelle Pierce,Google,6,patricia22@example.com
fc31a597-1f11-4c0f-b967-e60a823dd107,Charles Tyler,MIT,17,wardashley@example.com
2138afe0-8d38-4bd8-bba6-abf7cdbcc653,Angelica Parker,MIT,6,xfox@example.com
20156a72-12e1-43a6-932c-ae01d2c65ee4,Maria Cole,MIT,20,david89@example.org
6ec01269-2108-4dd9-b75d-1e3cc48d5650,Sheena Guerra,MIT,22,kevinmartin@example.net
f0df1684-f28e-4122-9894-f7f139b86bb2,Diane Miller,Stanford,13,cynthiapierce@example.org
8892042f-9d4b-4bf9-8d85-e9c7a0017720,Martin Vargas,MIT,19,georgeweber@example.net
90494583-ec86-4890-97b0-0bdc566e3cbe,Scott Miller,Stanford,19,debra96@example.net
e3954cb1-7f7f-4c0a-87c0-d116a394ed54,Donna Frye,Google,2,zsanchez@example.net
12ae5c22-741b-47f5-8c24-a05367f5ae02,Brooke Perry,Google,3,mharris@example.org
51beb80e-b7e6-414c-9c8a-49225005680f,Shannon Hester,Independent,22,kathleenrobertson@example.org
1f5d988f-776a-4f09-bde2-885951b1943c,David Davis,Google,19,sonia96@example.org
28e213bc-e6fd-47af-9d84-caccf6729464,Taylor Griffith,Google,11,kathrynjimenez@example.net
4efc8248-e10b-4a47-bfae-b7487781321e,Brandon Long MD,Harvard,7,jasongomez@example.org
e1e0fffc-98f6-4d7f-beb1-62f14806f804,Megan Mitchell,,23,booneryan@example.com
673ba8bd-c38c-4dec-9da3-9a73ba3df7ff,James Hudson,Harvard,8,michaelroberts@example.com
8cc36f3b-c3af-4cfe-b34a-6ca38116e3fc,William Becker,Harvard,13,andersoncolin@example.com
8ece1128-56ce-4b42-bc9e-1dcbcb7e6268,Nicole Gonzalez,Stanford,22,cporter@example.org
cdd0b4d4-5542-47de-b6ad-f48b2314d0c8,Jesus Obrien,,10,markaustin@example.org
bd44089d-9dd2-49de-bd98-fe336498abe9,Linda Romero,Independent,11,terickson@example.com
54cc1e2a-5e4c-4287-8442-51dbd0d4ea67,Veronica Silva,MIT,1,carlsonjoseph@example.net
9416e4dc-c6b2-4def-b8d8-b7f1c86c6544,Mikayla Silva,Independent,20,alexandriagriffith@example.com
3e00980e-ae44-4e21-9258-64f225d4a0fc,Travis Rodriguez,Google,4,alexanderrobert@example.com
80773e33-690e-4e62-b432-3ec6b0c4a01c,Tami Salas,MIT,18,thorntonapril@example.net
